loss_val, pre_val, rec_val, acc_val, epoch, ece_val, f1_val, lr_rate, weight_decay, class_weight
1.186542272567749,0.4482758620689655,0.3666666666666667,0.36666666666666664,44,0.40757123529911043,0.23154623154623155,0.1,0.01,[1. 1. 1.]
0.9387769103050232,0.799822201607916,0.7583333333333333,0.7583333333333333,48,0.1537996729214986,0.7289361043057081,0.1,0.01,[1. 3. 3.]
0.905600905418396,0.7952320136228183,0.5916666666666667,0.5916666666666667,67,0.1535097360610962,0.545686493925443,0.1,0.01,[1. 5. 5.]
