loss_val, pre_val, rec_val, acc_val, epoch, ece_val, f1_val, lr_rate, weight_decay, class_weight
0.2609833776950836,0.9625407166123778,0.967266775777414,0.957,308,0.21575228341668845,0.9648979591836735,0.1,0.0001,[1. 1.]
0.2659655809402466,0.9776247848537005,0.9296235679214403,0.944,279,0.21170928252488375,0.953020134228188,0.1,0.0001,[2. 1.]
0.2548920810222626,0.9543973941368078,0.9590834697217676,0.947,471,0.17689741830527783,0.9567346938775511,0.1,1e-05,[1. 1.]
0.27007609605789185,0.9707903780068728,0.9247135842880524,0.937,471,0.18333654218912127,0.9471919530595139,0.1,1e-05,[2. 1.]
0.2946818172931671,0.9247648902821317,0.9656301145662848,0.931,471,0.2214003449976444,0.9447558046437149,0.01,0.0001,[1. 1.]
0.30456992983818054,0.9658703071672355,0.9263502454991817,0.935,471,0.2313945460468531,0.9456975772765247,0.01,0.0001,[2. 1.]
0.3202124238014221,0.8998459167950693,0.955810147299509,0.908,471,0.20312141060084105,0.926984126984127,0.01,1e-05,[1. 1.]
0.34291893243789673,0.9429065743944637,0.8919803600654664,0.901,471,0.2183608294501901,0.9167367535744323,0.01,1e-05,[2. 1.]
