loss_val, pre_val, rec_val, acc_val, epoch, ece_val, f1_val, lr_rate, weight_decay, class_weight
0.2599814534187317,0.9578606158833063,0.967266775777414,0.954,283,0.21226799529790877,0.9625407166123778,0.1,0.0001,[1. 1.]
0.2639748156070709,0.9778156996587031,0.9378068739770867,0.949,285,0.2093580049723387,0.9573934837092731,0.1,0.0001,[2. 1.]
0.2533441483974457,0.9543230016313213,0.9574468085106383,0.946,471,0.17471569263935088,0.9558823529411764,0.1,1e-05,[1. 1.]
0.267890065908432,0.9725085910652921,0.9263502454991817,0.939,471,0.1831358607858419,0.9488683989941323,0.1,1e-05,[2. 1.]
0.2929835617542267,0.9190031152647975,0.9656301145662848,0.927,471,0.21715879122912882,0.9417398244213887,0.01,0.0001,[1. 1.]
0.3020576238632202,0.9642857142857143,0.9279869067103109,0.935,471,0.23032587914168834,0.9457881567973312,0.01,0.0001,[2. 1.]
0.3180818557739258,0.8944954128440367,0.9574468085106383,0.905,471,0.1998478051275015,0.924901185770751,0.01,1e-05,[1. 1.]
0.3395688533782959,0.946917808219178,0.9050736497545008,0.911,471,0.22348421996086834,0.9255230125523012,0.01,1e-05,[2. 1.]
