loss_val, pre_val, rec_val, acc_val, epoch, ece_val, f1_val, lr_rate, weight_decay, class_weight
0.3219716548919678,0.9625407166123778,0.967266775777414,0.957,250,0.23926740980148312,0.9648979591836735,0.1,0.0001,[1. 1.]
0.33397790789604187,0.9790940766550522,0.9198036006546645,0.939,245,0.24308388847112655,0.948523206751055,0.1,0.0001,[2. 1.]
0.31976118683815,0.9543973941368078,0.9590834697217676,0.947,471,0.2107739388719201,0.9567346938775511,0.1,1e-05,[1. 1.]
0.3408430814743042,0.9772727272727273,0.9148936170212766,0.935,471,0.22167784012109043,0.945054945054945,0.1,1e-05,[2. 1.]
0.3465203046798706,0.9291338582677166,0.9656301145662848,0.934,471,0.24175446812808513,0.9470304975922953,0.01,0.0001,[1. 1.]
0.3644399046897888,0.9737762237762237,0.911620294599018,0.931,471,0.24791679614782336,0.9416737109044802,0.01,0.0001,[2. 1.]
0.372801810503006,0.9038759689922481,0.9541734860883797,0.91,471,0.2313279209733009,0.9283439490445862,0.01,1e-05,[1. 1.]
0.4040740132331848,0.9593345656192237,0.8494271685761048,0.886,471,0.24889732689410446,0.9010416666666666,0.01,1e-05,[2. 1.]
