loss_val, pre_val, rec_val, acc_val, epoch, ece_val, f1_val, lr_rate, weight_decay, class_weight
0.3209756016731262,0.9609756097560975,0.967266775777414,0.956,238,0.2377382129728794,0.964110929853181,0.1,0.0001,[1. 1.]
0.331970751285553,0.9790575916230366,0.9181669394435352,0.938,265,0.23771866539120673,0.9476351351351351,0.1,0.0001,[2. 1.]
0.3183375597000122,0.955810147299509,0.955810147299509,0.946,471,0.20872521930932994,0.955810147299509,0.1,1e-05,[1. 1.]
0.33898046612739563,0.9772727272727273,0.9148936170212766,0.935,471,0.22118040224164726,0.945054945054945,0.1,1e-05,[2. 1.]
0.34503087401390076,0.9231974921630094,0.9639934533551555,0.929,471,0.23569659200310708,0.9431545236188951,0.01,0.0001,[1. 1.]
0.36222174763679504,0.9737762237762237,0.911620294599018,0.931,471,0.24916492399573326,0.9416737109044802,0.01,0.0001,[2. 1.]
0.3708609938621521,0.9024767801857585,0.9541734860883797,0.909,471,0.22883616214990615,0.9276054097056484,0.01,1e-05,[1. 1.]
0.400960236787796,0.9597806215722121,0.8592471358428805,0.892,471,0.24659194231033327,0.9067357512953368,0.01,1e-05,[2. 1.]
